<?xml version="1.0" encoding="UTF-8"?>
<beans xmlns="http://www.springframework.org/schema/beans"
	xmlns:mvc="http://www.springframework.org/schema/mvc" xmlns:context="http://www.springframework.org/schema/context"
	xmlns:xsi="http://www.w3.org/2001/XMLSchema-instance" xmlns:webflow="http://www.springframework.org/schema/webflow-config"
	xsi:schemaLocation="
        http://www.springframework.org/schema/beans     
        http://www.springframework.org/schema/beans/spring-beans.xsd
        http://www.springframework.org/schema/mvc 
        http://www.springframework.org/schema/mvc/spring-mvc.xsd
        http://www.springframework.org/schema/context 
        http://www.springframework.org/schema/context/spring-context.xsd
         http://www.springframework.org/schema/webflow-config
  http://www.springframework.org/schema/webflow-config/spring-webflow-config.xsd">


	<context:component-scan base-package="com.furniture.furnitureshop" />

	<bean
		class="org.springframework.web.servlet.view.InternalResourceViewResolver">
		<property name="prefix">
			<value>/WEB-INF/views/</value>
		</property>
		<property name="suffix">
			<value>.jsp</value>
		</property>
	</bean>
	
	<!-- Multipart Resolver -->
	<bean id="multipartResolver"
		class="org.springframework.web.multipart.commons.CommonsMultipartResolver" />

	
	<mvc:default-servlet-handler />
	<mvc:resources mapping="/resources/**" location="/resources/" />
	<mvc:annotation-driven />

</beans>